id,dir
5000000,/home/pierce/fetch/solution_5000000
2004082,/home/pierce/fetch/solution_2004082
2004059,/home/pierce/fetch/solution_2004059
2004058,/home/pierce/fetch/solution_2004058
2004055,/home/pierce/fetch/solution_2004055
2004053,/home/pierce/fetch/solution_2004053
2004044,/home/pierce/fetch/solution_2004044
2004021,/home/pierce/fetch/solution_2004021
2004018,/home/pierce/fetch/solution_2004018
2004016,/home/pierce/fetch/solution_2004016
2004007,/home/pierce/fetch/solution_2004007
2003996,/home/pierce/fetch/solution_2003996
2003991,/home/pierce/fetch/solution_2003991
2003990,/home/pierce/fetch/solution_2003990
2003984,/home/pierce/fetch/solution_2003984
2003982,/home/pierce/fetch/solution_2003982
2003976,/home/pierce/fetch/solution_2003976
2003958,/home/pierce/fetch/solution_2003958
2003955,/home/pierce/fetch/solution_2003955
2003949,/home/pierce/fetch/solution_2003949
2003939,/home/pierce/fetch/solution_2003939
2003929,/home/pierce/fetch/solution_2003929
2003928,/home/pierce/fetch/solution_2003928
2003921,/home/pierce/fetch/solution_2003921
2003918,/home/pierce/fetch/solution_2003918
2003912,/home/pierce/fetch/solution_2003912
2003908,/home/pierce/fetch/solution_2003908
2003903,/home/pierce/fetch/solution_2003903
2003900,/home/pierce/fetch/solution_2003900
2003894,/home/pierce/fetch/solution_2003894
2003893,/home/pierce/fetch/solution_2003893
2003881,/home/pierce/fetch/solution_2003881
2003877,/home/pierce/fetch/solution_2003877
2003876,/home/pierce/fetch/solution_2003876
2003868,/home/pierce/fetch/solution_2003868
2003859,/home/pierce/fetch/solution_2003859
2003856,/home/pierce/fetch/solution_2003856
2003854,/home/pierce/fetch/solution_2003854
2003850,/home/pierce/fetch/solution_2003850
2003846,/home/pierce/fetch/solution_2003846
2003841,/home/pierce/fetch/solution_2003841
2003832,/home/pierce/fetch/solution_2003832
2003828,/home/pierce/fetch/solution_2003828
2003825,/home/pierce/fetch/solution_2003825
2003823,/home/pierce/fetch/solution_2003823
2003817,/home/pierce/fetch/solution_2003817
2003814,/home/pierce/fetch/solution_2003814
2003806,/home/pierce/fetch/solution_2003806
2003801,/home/pierce/fetch/solution_2003801
2003796,/home/pierce/fetch/solution_2003796
2003794,/home/pierce/fetch/solution_2003794
2003791,/home/pierce/fetch/solution_2003791
2003784,/home/pierce/fetch/solution_2003784
2003780,/home/pierce/fetch/solution_2003780
2003773,/home/pierce/fetch/solution_2003773
2003766,/home/pierce/fetch/solution_2003766
2003763,/home/pierce/fetch/solution_2003763
2003762,/home/pierce/fetch/solution_2003762
2003744,/home/pierce/fetch/solution_2003744
2003734,/home/pierce/fetch/solution_2003734
2003730,/home/pierce/fetch/solution_2003730
2003707,/home/pierce/fetch/solution_2003707
2003704,/home/pierce/fetch/solution_2003704
2003699,/home/pierce/fetch/solution_2003699
2003698,/home/pierce/fetch/solution_2003698
2003682,/home/pierce/fetch/solution_2003682
2003670,/home/pierce/fetch/solution_2003670
2003669,/home/pierce/fetch/solution_2003669
2003668,/home/pierce/fetch/solution_2003668
2003648,/home/pierce/fetch/solution_2003648
2003642,/home/pierce/fetch/solution_2003642
2003639,/home/pierce/fetch/solution_2003639
2003628,/home/pierce/fetch/solution_2003628
2003624,/home/pierce/fetch/solution_2003624
2003621,/home/pierce/fetch/solution_2003621
2003594,/home/pierce/fetch/solution_2003594
2003583,/home/pierce/fetch/solution_2003583
2003578,/home/pierce/fetch/solution_2003578
2003561,/home/pierce/fetch/solution_2003561
2003535,/home/pierce/fetch/solution_2003535
2003534,/home/pierce/fetch/solution_2003534
2003532,/home/pierce/fetch/solution_2003532
2003530,/home/pierce/fetch/solution_2003530
2003490,/home/pierce/fetch/solution_2003490
2003485,/home/pierce/fetch/solution_2003485
2003483,/home/pierce/fetch/solution_2003483
2003465,/home/pierce/fetch/solution_2003465
2003460,/home/pierce/fetch/solution_2003460
2003455,/home/pierce/fetch/solution_2003455
2003433,/home/pierce/fetch/solution_2003433
2003416,/home/pierce/fetch/solution_2003416
2003414,/home/pierce/fetch/solution_2003414
2003388,/home/pierce/fetch/solution_2003388
2003383,/home/pierce/fetch/solution_2003383
2003382,/home/pierce/fetch/solution_2003382
2003374,/home/pierce/fetch/solution_2003374
2003360,/home/pierce/fetch/solution_2003360
2003355,/home/pierce/fetch/solution_2003355
2003340,/home/pierce/fetch/solution_2003340
2003333,/home/pierce/fetch/solution_2003333
2003322,/home/pierce/fetch/solution_2003322
2003313,/home/pierce/fetch/solution_2003313
2003308,/home/pierce/fetch/solution_2003308
2003303,/home/pierce/fetch/solution_2003303
2003287,/home/pierce/fetch/solution_2003287
2003285,/home/pierce/fetch/solution_2003285
2003281,/home/pierce/fetch/solution_2003281
2003270,/home/pierce/fetch/solution_2003270
2003265,/home/pierce/fetch/solution_2003265
2003245,/home/pierce/fetch/solution_2003245
2003240,/home/pierce/fetch/solution_2003240
2003236,/home/pierce/fetch/solution_2003236
2003206,/home/pierce/fetch/solution_2003206
2003205,/home/pierce/fetch/solution_2003205
2003195,/home/pierce/fetch/solution_2003195
2003183,/home/pierce/fetch/solution_2003183
2003177,/home/pierce/fetch/solution_2003177
2003169,/home/pierce/fetch/solution_2003169
2003150,/home/pierce/fetch/solution_2003150
2003148,/home/pierce/fetch/solution_2003148
2003126,/home/pierce/fetch/solution_2003126
2003125,/home/pierce/fetch/solution_2003125
2003111,/home/pierce/fetch/solution_2003111
2003078,/home/pierce/fetch/solution_2003078
2003059,/home/pierce/fetch/solution_2003059
2003048,/home/pierce/fetch/solution_2003048
2003047,/home/pierce/fetch/solution_2003047
2003015,/home/pierce/fetch/solution_2003015
2003011,/home/pierce/fetch/solution_2003011
2003010,/home/pierce/fetch/solution_2003010
2003009,/home/pierce/fetch/solution_2003009
2003008,/home/pierce/fetch/solution_2003008
2003001,/home/pierce/fetch/solution_2003001
2002992,/home/pierce/fetch/solution_2002992
2002990,/home/pierce/fetch/solution_2002990
2002986,/home/pierce/fetch/solution_2002986
2002963,/home/pierce/fetch/solution_2002963
2002949,/home/pierce/fetch/solution_2002949
2002945,/home/pierce/fetch/solution_2002945
2002930,/home/pierce/fetch/solution_2002930
2002922,/home/pierce/fetch/solution_2002922
2002914,/home/pierce/fetch/solution_2002914
2002912,/home/pierce/fetch/solution_2002912
2002906,/home/pierce/fetch/solution_2002906
2002878,/home/pierce/fetch/solution_2002878
2002877,/home/pierce/fetch/solution_2002877
2002872,/home/pierce/fetch/solution_2002872
2002850,/home/pierce/fetch/solution_2002850
2002840,/home/pierce/fetch/solution_2002840
2002833,/home/pierce/fetch/solution_2002833
2002824,/home/pierce/fetch/solution_2002824
2002809,/home/pierce/fetch/solution_2002809
2002802,/home/pierce/fetch/solution_2002802
2002792,/home/pierce/fetch/solution_2002792
2002787,/home/pierce/fetch/solution_2002787
2002781,/home/pierce/fetch/solution_2002781
2002771,/home/pierce/fetch/solution_2002771
2002766,/home/pierce/fetch/solution_2002766
2002760,/home/pierce/fetch/solution_2002760
2002747,/home/pierce/fetch/solution_2002747
2002745,/home/pierce/fetch/solution_2002745
2002735,/home/pierce/fetch/solution_2002735
2002722,/home/pierce/fetch/solution_2002722
2002715,/home/pierce/fetch/solution_2002715
2002713,/home/pierce/fetch/solution_2002713
2002703,/home/pierce/fetch/solution_2002703
2002691,/home/pierce/fetch/solution_2002691
2002689,/home/pierce/fetch/solution_2002689
2002682,/home/pierce/fetch/solution_2002682
2002677,/home/pierce/fetch/solution_2002677
2002674,/home/pierce/fetch/solution_2002674
2002669,/home/pierce/fetch/solution_2002669
2002664,/home/pierce/fetch/solution_2002664
2002658,/home/pierce/fetch/solution_2002658
2002652,/home/pierce/fetch/solution_2002652
2002614,/home/pierce/fetch/solution_2002614
2002613,/home/pierce/fetch/solution_2002613
2002610,/home/pierce/fetch/solution_2002610
2002607,/home/pierce/fetch/solution_2002607
2002605,/home/pierce/fetch/solution_2002605
2002599,/home/pierce/fetch/solution_2002599
2002595,/home/pierce/fetch/solution_2002595
2002590,/home/pierce/fetch/solution_2002590
2002583,/home/pierce/fetch/solution_2002583
2002582,/home/pierce/fetch/solution_2002582
2002578,/home/pierce/fetch/solution_2002578
2002572,/home/pierce/fetch/solution_2002572
2002567,/home/pierce/fetch/solution_2002567
2002565,/home/pierce/fetch/solution_2002565
2002562,/home/pierce/fetch/solution_2002562
2002554,/home/pierce/fetch/solution_2002554
2002553,/home/pierce/fetch/solution_2002553
2002549,/home/pierce/fetch/solution_2002549
2002546,/home/pierce/fetch/solution_2002546
2002544,/home/pierce/fetch/solution_2002544
2002538,/home/pierce/fetch/solution_2002538
2002527,/home/pierce/fetch/solution_2002527
2002522,/home/pierce/fetch/solution_2002522
2002515,/home/pierce/fetch/solution_2002515
2002513,/home/pierce/fetch/solution_2002513
2002499,/home/pierce/fetch/solution_2002499
2002494,/home/pierce/fetch/solution_2002494
2002486,/home/pierce/fetch/solution_2002486
2002481,/home/pierce/fetch/solution_2002481
2002475,/home/pierce/fetch/solution_2002475
2002469,/home/pierce/fetch/solution_2002469
2002465,/home/pierce/fetch/solution_2002465
2002460,/home/pierce/fetch/solution_2002460
2002454,/home/pierce/fetch/solution_2002454
2002448,/home/pierce/fetch/solution_2002448
2002442,/home/pierce/fetch/solution_2002442
2002438,/home/pierce/fetch/solution_2002438
2002429,/home/pierce/fetch/solution_2002429
2002425,/home/pierce/fetch/solution_2002425
2002411,/home/pierce/fetch/solution_2002411
2002399,/home/pierce/fetch/solution_2002399
2002376,/home/pierce/fetch/solution_2002376
2002356,/home/pierce/fetch/solution_2002356
2002346,/home/pierce/fetch/solution_2002346
2002334,/home/pierce/fetch/solution_2002334
2002327,/home/pierce/fetch/solution_2002327
2002315,/home/pierce/fetch/solution_2002315
2002308,/home/pierce/fetch/solution_2002308
2002299,/home/pierce/fetch/solution_2002299
2002294,/home/pierce/fetch/solution_2002294
2002290,/home/pierce/fetch/solution_2002290
2002267,/home/pierce/fetch/solution_2002267
2002255,/home/pierce/fetch/solution_2002255
2002247,/home/pierce/fetch/solution_2002247
2002244,/home/pierce/fetch/solution_2002244
2002243,/home/pierce/fetch/solution_2002243
2002239,/home/pierce/fetch/solution_2002239
2002232,/home/pierce/fetch/solution_2002232
2002224,/home/pierce/fetch/solution_2002224
2002222,/home/pierce/fetch/solution_2002222
2002212,/home/pierce/fetch/solution_2002212
2002196,/home/pierce/fetch/solution_2002196
2002184,/home/pierce/fetch/solution_2002184
2002171,/home/pierce/fetch/solution_2002171
2002166,/home/pierce/fetch/solution_2002166
2002158,/home/pierce/fetch/solution_2002158
2002150,/home/pierce/fetch/solution_2002150
2002141,/home/pierce/fetch/solution_2002141
2002140,/home/pierce/fetch/solution_2002140
2002126,/home/pierce/fetch/solution_2002126
2002110,/home/pierce/fetch/solution_2002110
2002108,/home/pierce/fetch/solution_2002108
2002102,/home/pierce/fetch/solution_2002102
2002100,/home/pierce/fetch/solution_2002100
2002093,/home/pierce/fetch/solution_2002093
2002089,/home/pierce/fetch/solution_2002089
2002081,/home/pierce/fetch/solution_2002081
2002058,/home/pierce/fetch/solution_2002058
2002056,/home/pierce/fetch/solution_2002056
2002051,/home/pierce/fetch/solution_2002051
2001860,/home/pierce/fetch/solution_2001860
2001857,/home/pierce/fetch/solution_2001857
2001845,/home/pierce/fetch/solution_2001845
2001825,/home/pierce/fetch/solution_2001825
2001822,/home/pierce/fetch/solution_2001822
2001803,/home/pierce/fetch/solution_2001803
2001794,/home/pierce/fetch/solution_2001794
2001783,/home/pierce/fetch/solution_2001783
2001779,/home/pierce/fetch/solution_2001779
2001767,/home/pierce/fetch/solution_2001767
2001757,/home/pierce/fetch/solution_2001757
2001738,/home/pierce/fetch/solution_2001738
2001734,/home/pierce/fetch/solution_2001734
2001723,/home/pierce/fetch/solution_2001723
2001697,/home/pierce/fetch/solution_2001697
2001695,/home/pierce/fetch/solution_2001695
2001694,/home/pierce/fetch/solution_2001694
2001693,/home/pierce/fetch/solution_2001693
2001692,/home/pierce/fetch/solution_2001692
2001674,/home/pierce/fetch/solution_2001674
2001672,/home/pierce/fetch/solution_2001672
2001664,/home/pierce/fetch/solution_2001664
2001651,/home/pierce/fetch/solution_2001651
2001603,/home/pierce/fetch/solution_2001603
2001581,/home/pierce/fetch/solution_2001581
2001566,/home/pierce/fetch/solution_2001566
2001552,/home/pierce/fetch/solution_2001552
2001540,/home/pierce/fetch/solution_2001540
2001514,/home/pierce/fetch/solution_2001514
2001512,/home/pierce/fetch/solution_2001512
2001509,/home/pierce/fetch/solution_2001509
2001489,/home/pierce/fetch/solution_2001489
2001478,/home/pierce/fetch/solution_2001478
2001477,/home/pierce/fetch/solution_2001477
2001472,/home/pierce/fetch/solution_2001472
2001453,/home/pierce/fetch/solution_2001453
2001450,/home/pierce/fetch/solution_2001450
2001433,/home/pierce/fetch/solution_2001433
2001407,/home/pierce/fetch/solution_2001407
2001404,/home/pierce/fetch/solution_2001404
2001366,/home/pierce/fetch/solution_2001366
2001344,/home/pierce/fetch/solution_2001344
2001341,/home/pierce/fetch/solution_2001341
2001338,/home/pierce/fetch/solution_2001338
2001331,/home/pierce/fetch/solution_2001331
2001311,/home/pierce/fetch/solution_2001311
2001308,/home/pierce/fetch/solution_2001308
2001306,/home/pierce/fetch/solution_2001306
2001302,/home/pierce/fetch/solution_2001302
2001291,/home/pierce/fetch/solution_2001291
2001287,/home/pierce/fetch/solution_2001287
2001286,/home/pierce/fetch/solution_2001286
2001255,/home/pierce/fetch/solution_2001255
2001249,/home/pierce/fetch/solution_2001249
2001234,/home/pierce/fetch/solution_2001234
2001215,/home/pierce/fetch/solution_2001215
2001209,/home/pierce/fetch/solution_2001209
2001185,/home/pierce/fetch/solution_2001185
2001183,/home/pierce/fetch/solution_2001183
2001175,/home/pierce/fetch/solution_2001175
2001147,/home/pierce/fetch/solution_2001147
2001145,/home/pierce/fetch/solution_2001145
2001124,/home/pierce/fetch/solution_2001124
2001117,/home/pierce/fetch/solution_2001117
2001113,/home/pierce/fetch/solution_2001113
2001101,/home/pierce/fetch/solution_2001101
2001090,/home/pierce/fetch/solution_2001090
2001087,/home/pierce/fetch/solution_2001087
2001081,/home/pierce/fetch/solution_2001081
2001074,/home/pierce/fetch/solution_2001074
2001066,/home/pierce/fetch/solution_2001066
2001054,/home/pierce/fetch/solution_2001054
2001044,/home/pierce/fetch/solution_2001044
2001038,/home/pierce/fetch/solution_2001038
2001022,/home/pierce/fetch/solution_2001022
2001015,/home/pierce/fetch/solution_2001015
2001014,/home/pierce/fetch/solution_2001014
2001011,/home/pierce/fetch/solution_2001011
2000995,/home/pierce/fetch/solution_2000995
2000983,/home/pierce/fetch/solution_2000983
2000977,/home/pierce/fetch/solution_2000977
2000967,/home/pierce/fetch/solution_2000967
2000966,/home/pierce/fetch/solution_2000966
2000961,/home/pierce/fetch/solution_2000961
2000953,/home/pierce/fetch/solution_2000953
2000945,/home/pierce/fetch/solution_2000945
2000937,/home/pierce/fetch/solution_2000937
2000926,/home/pierce/fetch/solution_2000926
2000923,/home/pierce/fetch/solution_2000923
2000906,/home/pierce/fetch/solution_2000906
2000902,/home/pierce/fetch/solution_2000902
2000895,/home/pierce/fetch/solution_2000895
2000887,/home/pierce/fetch/solution_2000887
2000886,/home/pierce/fetch/solution_2000886
2000862,/home/pierce/fetch/solution_2000862
2000856,/home/pierce/fetch/solution_2000856
2000844,/home/pierce/fetch/solution_2000844
2000842,/home/pierce/fetch/solution_2000842
2000840,/home/pierce/fetch/solution_2000840
2000838,/home/pierce/fetch/solution_2000838
2000825,/home/pierce/fetch/solution_2000825
2000824,/home/pierce/fetch/solution_2000824
2000813,/home/pierce/fetch/solution_2000813
2000801,/home/pierce/fetch/solution_2000801
2000800,/home/pierce/fetch/solution_2000800
2000793,/home/pierce/fetch/solution_2000793
2000790,/home/pierce/fetch/solution_2000790
2000785,/home/pierce/fetch/solution_2000785
2000778,/home/pierce/fetch/solution_2000778
2000765,/home/pierce/fetch/solution_2000765
2000757,/home/pierce/fetch/solution_2000757
2000754,/home/pierce/fetch/solution_2000754
2000743,/home/pierce/fetch/solution_2000743
2000728,/home/pierce/fetch/solution_2000728
2000726,/home/pierce/fetch/solution_2000726
2000714,/home/pierce/fetch/solution_2000714
2000709,/home/pierce/fetch/solution_2000709
2000696,/home/pierce/fetch/solution_2000696
2000687,/home/pierce/fetch/solution_2000687
2000678,/home/pierce/fetch/solution_2000678
2000671,/home/pierce/fetch/solution_2000671
2000665,/home/pierce/fetch/solution_2000665
2000659,/home/pierce/fetch/solution_2000659
2000655,/home/pierce/fetch/solution_2000655
2000646,/home/pierce/fetch/solution_2000646
2000644,/home/pierce/fetch/solution_2000644
2000633,/home/pierce/fetch/solution_2000633
2000632,/home/pierce/fetch/solution_2000632
2000624,/home/pierce/fetch/solution_2000624
2000622,/home/pierce/fetch/solution_2000622
2000618,/home/pierce/fetch/solution_2000618
2000603,/home/pierce/fetch/solution_2000603
2000600,/home/pierce/fetch/solution_2000600
2000597,/home/pierce/fetch/solution_2000597
2000577,/home/pierce/fetch/solution_2000577
2000576,/home/pierce/fetch/solution_2000576
2000569,/home/pierce/fetch/solution_2000569
2000551,/home/pierce/fetch/solution_2000551
2000548,/home/pierce/fetch/solution_2000548
2000524,/home/pierce/fetch/solution_2000524
2000522,/home/pierce/fetch/solution_2000522
2000518,/home/pierce/fetch/solution_2000518
2000512,/home/pierce/fetch/solution_2000512
2000507,/home/pierce/fetch/solution_2000507
2000496,/home/pierce/fetch/solution_2000496
2000485,/home/pierce/fetch/solution_2000485
2000481,/home/pierce/fetch/solution_2000481
2000471,/home/pierce/fetch/solution_2000471
2000458,/home/pierce/fetch/solution_2000458
2000457,/home/pierce/fetch/solution_2000457
2000442,/home/pierce/fetch/solution_2000442
2000435,/home/pierce/fetch/solution_2000435
2000423,/home/pierce/fetch/solution_2000423
2000414,/home/pierce/fetch/solution_2000414
2000402,/home/pierce/fetch/solution_2000402
2000399,/home/pierce/fetch/solution_2000399
2000398,/home/pierce/fetch/solution_2000398
2000384,/home/pierce/fetch/solution_2000384
2000340,/home/pierce/fetch/solution_2000340
2000332,/home/pierce/fetch/solution_2000332
2000329,/home/pierce/fetch/solution_2000329
2000321,/home/pierce/fetch/solution_2000321
2000292,/home/pierce/fetch/solution_2000292
2000289,/home/pierce/fetch/solution_2000289
2000284,/home/pierce/fetch/solution_2000284
2000263,/home/pierce/fetch/solution_2000263
2000243,/home/pierce/fetch/solution_2000243
2000240,/home/pierce/fetch/solution_2000240
2000230,/home/pierce/fetch/solution_2000230
2000208,/home/pierce/fetch/solution_2000208
2000204,/home/pierce/fetch/solution_2000204
2000199,/home/pierce/fetch/solution_2000199
2000196,/home/pierce/fetch/solution_2000196
2000180,/home/pierce/fetch/solution_2000180
2000179,/home/pierce/fetch/solution_2000179
2000168,/home/pierce/fetch/solution_2000168
2000161,/home/pierce/fetch/solution_2000161
2000151,/home/pierce/fetch/solution_2000151
1998928,/home/pierce/fetch/solution_1998928
1998927,/home/pierce/fetch/solution_1998927
1998925,/home/pierce/fetch/solution_1998925
1998914,/home/pierce/fetch/solution_1998914
1998912,/home/pierce/fetch/solution_1998912
1998909,/home/pierce/fetch/solution_1998909
1998901,/home/pierce/fetch/solution_1998901
1998894,/home/pierce/fetch/solution_1998894
1998881,/home/pierce/fetch/solution_1998881
1998874,/home/pierce/fetch/solution_1998874
1998849,/home/pierce/fetch/solution_1998849
1998847,/home/pierce/fetch/solution_1998847
1998845,/home/pierce/fetch/solution_1998845
1998835,/home/pierce/fetch/solution_1998835
1998831,/home/pierce/fetch/solution_1998831
1998825,/home/pierce/fetch/solution_1998825
1998787,/home/pierce/fetch/solution_1998787
1998780,/home/pierce/fetch/solution_1998780
1998776,/home/pierce/fetch/solution_1998776
1998749,/home/pierce/fetch/solution_1998749
1998748,/home/pierce/fetch/solution_1998748
1998735,/home/pierce/fetch/solution_1998735
1998729,/home/pierce/fetch/solution_1998729
1998728,/home/pierce/fetch/solution_1998728
1998709,/home/pierce/fetch/solution_1998709
1998699,/home/pierce/fetch/solution_1998699
1998696,/home/pierce/fetch/solution_1998696
1998690,/home/pierce/fetch/solution_1998690
1998688,/home/pierce/fetch/solution_1998688
1998666,/home/pierce/fetch/solution_1998666
1998660,/home/pierce/fetch/solution_1998660
1998651,/home/pierce/fetch/solution_1998651
1998631,/home/pierce/fetch/solution_1998631
1998619,/home/pierce/fetch/solution_1998619
1998613,/home/pierce/fetch/solution_1998613
1998588,/home/pierce/fetch/solution_1998588
1998587,/home/pierce/fetch/solution_1998587
1998582,/home/pierce/fetch/solution_1998582
1998572,/home/pierce/fetch/solution_1998572
1998565,/home/pierce/fetch/solution_1998565
1998555,/home/pierce/fetch/solution_1998555
1998548,/home/pierce/fetch/solution_1998548
1998526,/home/pierce/fetch/solution_1998526
1998520,/home/pierce/fetch/solution_1998520
1998509,/home/pierce/fetch/solution_1998509
1998503,/home/pierce/fetch/solution_1998503
1998493,/home/pierce/fetch/solution_1998493
1998469,/home/pierce/fetch/solution_1998469
1998468,/home/pierce/fetch/solution_1998468
1998459,/home/pierce/fetch/solution_1998459
1998458,/home/pierce/fetch/solution_1998458
1998424,/home/pierce/fetch/solution_1998424
1998423,/home/pierce/fetch/solution_1998423
1998422,/home/pierce/fetch/solution_1998422
998574,/home/pierce/fetch/solution_998574
998562,/home/pierce/fetch/solution_998562
998550,/home/pierce/fetch/solution_998550
998547,/home/pierce/fetch/solution_998547
998529,/home/pierce/fetch/solution_998529
998516,/home/pierce/fetch/solution_998516
998501,/home/pierce/fetch/solution_998501
998465,/home/pierce/fetch/solution_998465
998464,/home/pierce/fetch/solution_998464
998455,/home/pierce/fetch/solution_998455
998442,/home/pierce/fetch/solution_998442
998431,/home/pierce/fetch/solution_998431
998411,/home/pierce/fetch/solution_998411
998406,/home/pierce/fetch/solution_998406
998405,/home/pierce/fetch/solution_998405
998394,/home/pierce/fetch/solution_998394
998387,/home/pierce/fetch/solution_998387
998376,/home/pierce/fetch/solution_998376
998368,/home/pierce/fetch/solution_998368
998358,/home/pierce/fetch/solution_998358
998343,/home/pierce/fetch/solution_998343
998337,/home/pierce/fetch/solution_998337
998328,/home/pierce/fetch/solution_998328
998327,/home/pierce/fetch/solution_998327
998326,/home/pierce/fetch/solution_998326
998315,/home/pierce/fetch/solution_998315
998308,/home/pierce/fetch/solution_998308
998298,/home/pierce/fetch/solution_998298
998290,/home/pierce/fetch/solution_998290
998289,/home/pierce/fetch/solution_998289
998275,/home/pierce/fetch/solution_998275
998273,/home/pierce/fetch/solution_998273
998265,/home/pierce/fetch/solution_998265
998264,/home/pierce/fetch/solution_998264
998263,/home/pierce/fetch/solution_998263
998262,/home/pierce/fetch/solution_998262
998257,/home/pierce/fetch/solution_998257
998256,/home/pierce/fetch/solution_998256
998252,/home/pierce/fetch/solution_998252
998248,/home/pierce/fetch/solution_998248
998247,/home/pierce/fetch/solution_998247
998246,/home/pierce/fetch/solution_998246
998245,/home/pierce/fetch/solution_998245
998244,/home/pierce/fetch/solution_998244
998231,/home/pierce/fetch/solution_998231
998229,/home/pierce/fetch/solution_998229
998219,/home/pierce/fetch/solution_998219
998216,/home/pierce/fetch/solution_998216
998207,/home/pierce/fetch/solution_998207
998201,/home/pierce/fetch/solution_998201
998198,/home/pierce/fetch/solution_998198
998191,/home/pierce/fetch/solution_998191
998186,/home/pierce/fetch/solution_998186
998179,/home/pierce/fetch/solution_998179
998172,/home/pierce/fetch/solution_998172
998160,/home/pierce/fetch/solution_998160
998158,/home/pierce/fetch/solution_998158
998156,/home/pierce/fetch/solution_998156
998155,/home/pierce/fetch/solution_998155
998147,/home/pierce/fetch/solution_998147
998143,/home/pierce/fetch/solution_998143
998134,/home/pierce/fetch/solution_998134
998127,/home/pierce/fetch/solution_998127
998124,/home/pierce/fetch/solution_998124
998121,/home/pierce/fetch/solution_998121
998115,/home/pierce/fetch/solution_998115
998107,/home/pierce/fetch/solution_998107
998103,/home/pierce/fetch/solution_998103
998098,/home/pierce/fetch/solution_998098
998093,/home/pierce/fetch/solution_998093
998090,/home/pierce/fetch/solution_998090
998088,/home/pierce/fetch/solution_998088
998087,/home/pierce/fetch/solution_998087
998077,/home/pierce/fetch/solution_998077
998075,/home/pierce/fetch/solution_998075
998073,/home/pierce/fetch/solution_998073
998071,/home/pierce/fetch/solution_998071
998062,/home/pierce/fetch/solution_998062
998061,/home/pierce/fetch/solution_998061
998049,/home/pierce/fetch/solution_998049
998048,/home/pierce/fetch/solution_998048
998043,/home/pierce/fetch/solution_998043
998037,/home/pierce/fetch/solution_998037
998023,/home/pierce/fetch/solution_998023
998016,/home/pierce/fetch/solution_998016
998003,/home/pierce/fetch/solution_998003
998001,/home/pierce/fetch/solution_998001
997967,/home/pierce/fetch/solution_997967
997949,/home/pierce/fetch/solution_997949
997943,/home/pierce/fetch/solution_997943
997942,/home/pierce/fetch/solution_997942
997941,/home/pierce/fetch/solution_997941
997940,/home/pierce/fetch/solution_997940
997935,/home/pierce/fetch/solution_997935
997927,/home/pierce/fetch/solution_997927
997922,/home/pierce/fetch/solution_997922
997920,/home/pierce/fetch/solution_997920
997915,/home/pierce/fetch/solution_997915
997910,/home/pierce/fetch/solution_997910
997893,/home/pierce/fetch/solution_997893
997871,/home/pierce/fetch/solution_997871
997809,/home/pierce/fetch/solution_997809
997808,/home/pierce/fetch/solution_997808
997806,/home/pierce/fetch/solution_997806
997805,/home/pierce/fetch/solution_997805
997796,/home/pierce/fetch/solution_997796
997791,/home/pierce/fetch/solution_997791
997789,/home/pierce/fetch/solution_997789
997783,/home/pierce/fetch/solution_997783
997777,/home/pierce/fetch/solution_997777
997766,/home/pierce/fetch/solution_997766
997765,/home/pierce/fetch/solution_997765
997759,/home/pierce/fetch/solution_997759
997739,/home/pierce/fetch/solution_997739
997738,/home/pierce/fetch/solution_997738
997736,/home/pierce/fetch/solution_997736
997727,/home/pierce/fetch/solution_997727
997721,/home/pierce/fetch/solution_997721
997715,/home/pierce/fetch/solution_997715
997708,/home/pierce/fetch/solution_997708
997698,/home/pierce/fetch/solution_997698
997676,/home/pierce/fetch/solution_997676
997673,/home/pierce/fetch/solution_997673
997658,/home/pierce/fetch/solution_997658
997654,/home/pierce/fetch/solution_997654
997647,/home/pierce/fetch/solution_997647
997620,/home/pierce/fetch/solution_997620
997614,/home/pierce/fetch/solution_997614
997612,/home/pierce/fetch/solution_997612
997611,/home/pierce/fetch/solution_997611
997602,/home/pierce/fetch/solution_997602
997597,/home/pierce/fetch/solution_997597
997554,/home/pierce/fetch/solution_997554
997542,/home/pierce/fetch/solution_997542
997529,/home/pierce/fetch/solution_997529
997525,/home/pierce/fetch/solution_997525
997523,/home/pierce/fetch/solution_997523
997508,/home/pierce/fetch/solution_997508
997486,/home/pierce/fetch/solution_997486
997476,/home/pierce/fetch/solution_997476
997473,/home/pierce/fetch/solution_997473
997463,/home/pierce/fetch/solution_997463
997461,/home/pierce/fetch/solution_997461
997460,/home/pierce/fetch/solution_997460
997447,/home/pierce/fetch/solution_997447
997439,/home/pierce/fetch/solution_997439
997418,/home/pierce/fetch/solution_997418
997414,/home/pierce/fetch/solution_997414
997383,/home/pierce/fetch/solution_997383
997382,/home/pierce/fetch/solution_997382
997376,/home/pierce/fetch/solution_997376
997364,/home/pierce/fetch/solution_997364
997362,/home/pierce/fetch/solution_997362
997347,/home/pierce/fetch/solution_997347
997324,/home/pierce/fetch/solution_997324
997315,/home/pierce/fetch/solution_997315
997297,/home/pierce/fetch/solution_997297
997280,/home/pierce/fetch/solution_997280
997275,/home/pierce/fetch/solution_997275
997258,/home/pierce/fetch/solution_997258
997247,/home/pierce/fetch/solution_997247
997244,/home/pierce/fetch/solution_997244
997238,/home/pierce/fetch/solution_997238
997203,/home/pierce/fetch/solution_997203
997186,/home/pierce/fetch/solution_997186
997177,/home/pierce/fetch/solution_997177
997173,/home/pierce/fetch/solution_997173
997139,/home/pierce/fetch/solution_997139
997138,/home/pierce/fetch/solution_997138
997128,/home/pierce/fetch/solution_997128
997118,/home/pierce/fetch/solution_997118
997111,/home/pierce/fetch/solution_997111
997075,/home/pierce/fetch/solution_997075
997071,/home/pierce/fetch/solution_997071
997061,/home/pierce/fetch/solution_997061
996919,/home/pierce/fetch/solution_996919
996902,/home/pierce/fetch/solution_996902
996898,/home/pierce/fetch/solution_996898
996869,/home/pierce/fetch/solution_996869
996861,/home/pierce/fetch/solution_996861
996837,/home/pierce/fetch/solution_996837
996813,/home/pierce/fetch/solution_996813
996752,/home/pierce/fetch/solution_996752
996749,/home/pierce/fetch/solution_996749
996688,/home/pierce/fetch/solution_996688
996621,/home/pierce/fetch/solution_996621
996560,/home/pierce/fetch/solution_996560
996547,/home/pierce/fetch/solution_996547
996511,/home/pierce/fetch/solution_996511
996510,/home/pierce/fetch/solution_996510
996508,/home/pierce/fetch/solution_996508
996494,/home/pierce/fetch/solution_996494
996492,/home/pierce/fetch/solution_996492
996461,/home/pierce/fetch/solution_996461
996451,/home/pierce/fetch/solution_996451
996432,/home/pierce/fetch/solution_996432
996408,/home/pierce/fetch/solution_996408
996399,/home/pierce/fetch/solution_996399
996353,/home/pierce/fetch/solution_996353
996338,/home/pierce/fetch/solution_996338
996337,/home/pierce/fetch/solution_996337
996336,/home/pierce/fetch/solution_996336
996331,/home/pierce/fetch/solution_996331
996322,/home/pierce/fetch/solution_996322
996320,/home/pierce/fetch/solution_996320
996313,/home/pierce/fetch/solution_996313
996312,/home/pierce/fetch/solution_996312
996306,/home/pierce/fetch/solution_996306
996286,/home/pierce/fetch/solution_996286
996267,/home/pierce/fetch/solution_996267
996261,/home/pierce/fetch/solution_996261
996247,/home/pierce/fetch/solution_996247
996198,/home/pierce/fetch/solution_996198
996197,/home/pierce/fetch/solution_996197
996193,/home/pierce/fetch/solution_996193
996179,/home/pierce/fetch/solution_996179
996131,/home/pierce/fetch/solution_996131
996111,/home/pierce/fetch/solution_996111
996084,/home/pierce/fetch/solution_996084
996078,/home/pierce/fetch/solution_996078
996072,/home/pierce/fetch/solution_996072
996055,/home/pierce/fetch/solution_996055
996043,/home/pierce/fetch/solution_996043
996023,/home/pierce/fetch/solution_996023
996022,/home/pierce/fetch/solution_996022
996010,/home/pierce/fetch/solution_996010
993554,/home/pierce/fetch/solution_993554
